Id,Title,ReleaseDate,DirectorId,LanguageId,CountryId,StudioId,Synopsis,RunTimeMinutes,ClassificationId,BudgetDollars,BoxOfficeDollars,OscarNominations,OscarWins
1,Jurassic Park,1993-07-16 00:00:00.000,4,1,241,1,Scientists clone dinosaurs to populate a theme park which suffers a major security breakdown and releases the dinosaurs.,127,2,63000000,920100000,3,3
2,Spider-Man,2002-06-14 00:00:00.000,11,1,241,5,"When bitten by a genetically modified spider, a nerdy, shy, and awkward high school student gains spider-like abilities that he eventually must use to fight evil as a superhero after tragedy befalls his family.",121,4,139000000,821606375,2,0
3,King Kong,2005-12-15 00:00:00.000,12,1,241,1,"In 1933 New York, an overly ambitious movie producer coerces his cast and hired ship crew to travel to mysterious Skull Island, where they encounter Kong, a giant ape who is immediately smitten with leading lady Ann Darrow.",187,4,207000000,550316796,4,3
5,Superman Returns,2006-07-16 00:00:00.000,14,1,241,6,"After a long visit to the lost remains of the planet Krypton, the Man of Steel returns to earth to become the peoples savior once again and reclaim the love of Lois Lane.",154,4,204000000,391120000,1,0
6,Titanic,1998-01-23 00:00:00.000,15,1,241,4,Fictional romantic tale of a rich girl and poor boy who meet on the ill-fated voyage of the 'unsinkable' ship.,194,3,200000000,1835400000,14,11
7,Evan Almighty,2007-08-03 00:00:00.000,16,1,241,1,God (Freeman) contacts Congressman Evan Baxter (Carell) and tells him to build an ark in preparation for a great flood.,95,2,175000000,173219280,0,0
8,Waterworld,1995-08-11 00:00:00.000,17,1,241,1,"In a future where the polar ice caps have melted and most of Earth is underwater, a mutated mariner fights starvation and outlaw ""smokers,"" and reluctantly helps a woman and a young girl find dry land.",136,3,175000000,264246220,1,0
9,Pearl Harbor,2001-06-01 00:00:00.000,18,1,241,7,"Pearl Harbor follows the story of two best friends, Rafe and Danny, and their love lives as they go off to join the war.",183,3,151500000,450500000,4,1
10,Transformers,2007-07-27 00:00:00.000,18,1,241,8,"A war re-erupts on Earth between two robotic clans, the heroic Autobots and the evil Decepticons, leaving the fate of mankind hanging in the balance.",144,4,151000000,707675744,3,0
11,Harry Potter and the Order of the Phoenix,2007-07-12 00:00:00.000,19,1,240,6,"With their warning about Lord Voldemort's return scoffed at, Harry and Dumbledore are targeted by the Wizard authorities as an authoritarian bureaucrat slowly seizes power at Hogwarts.",138,4,150000000,938454486,0,0
12,Beowulf,2007-11-16 00:00:00.000,20,1,241,2,"The warrior Beowulf must fight and defeat the monster Grendel who is terrorizing towns, and later, Grendel's mother, who begins killing out of revenge.",113,4,150000000,194995215,0,0
13,Bee Movie,2007-12-14 00:00:00.000,21,1,241,8,"Barry B. Benson, a bee who has just graduated from college, is disillusioned at his lone career choice: making honey. On a special trip outside the hive, Barry's life is saved by Vanessa, a florist in New York City. As their relationship blossoms, he discovers humans actually eat honey, and subsequently decides to sue us.",90,1,150000000,286758211,0,0
14,Pirates of the Caribbean: At World's End,2007-05-24 00:00:00.000,22,1,241,3,"Captain Barbossa, Will Turner and Elizabeth Swann must sail off the edge of the map, navigate treachery and betrayal, and make their final alliances for one last decisive battle.",168,4,150000000,952404152,2,0
15,I am Legend,2007-12-26 00:00:00.000,23,1,241,6,"Years after a plague kills most of humanity and transforms the rest into monsters, the sole survivor in New York City struggles valiantly to find a cure.",101,5,150000000,583527323,0,0
16,Ratatouille,2007-10-12 00:00:00.000,24,1,241,10,"Remy is a young rat in the French countryside who arrives in Paris, only to find out that his cooking idol is dead. When he makes an unusual alliance with a restaurant's new garbage boy, the culinary and personal adventures begin despite Remy's family's skepticism and the rat-hating world of humans.",106,1,150000000,617245654,5,1
17,Troy,2004-05-21 00:00:00.000,25,1,241,6,"An adaptation of Homer's great epic, the film follows the assault on Troy by the united Greek forces and chronicles the fates of the men involved.",163,5,150000000,497298577,1,0
18,Harry Potter and the Goblet of Fire,2005-11-18 00:00:00.000,26,1,241,6,Harry finds himself selected as an underaged competitor in a dangerous multi-wizardary school competition.,157,4,150000000,896013036,1,0
19,Batman Begins,2005-06-16 00:00:00.000,27,1,241,6,The story of how Bruce Wayne became what he was destined to be: Batman.,140,4,150000000,371824647,1,0
20,Charlie and the Chocolate Factory,2005-07-29 00:00:00.000,28,1,241,6,"A young boy wins a tour through the most magnificent chocolate factory in the world, led by the world's most unusual candy maker.",115,2,150000000,473459076,1,0
21,Pirates of the Caribbean: Dead Man's Chest,2006-07-06 00:00:00.000,22,1,241,3,"Jack Sparrow races to recover the heart of Davy Jones to avoid enslaving his soul to Jones' service, as other friends and foes seek the heart for their own agenda as well.",150,4,150000000,1065659812,4,1
22,Die Another Day,2002-11-20 00:00:00.000,29,1,240,11,James Bond is sent to investigate the connection between a North Korean terrorist and a diamond mogul who is funding the development of an international space weapon.,133,4,142000000,431942139,0,0
23,Lethal Weapon 4,1998-09-18 00:00:00.000,30,1,241,6,"With personal crises and age weighing in on them, LAPD officers Riggs and Murtaugh must contend with a deadly Chinese crimelord trying to get his brother out of prison.",127,5,140000000,285400000,0,0
24,Armageddon,1998-08-07 00:00:00.000,18,1,241,7,When an asteroid the size of Texas is headed for Earth the world's best deep core drilling team is sent to nuke the rock from the inside.,150,3,140000000,554600000,4,0
25,Men in Black 2,2002-08-02 00:00:00.000,31,1,241,5,Agent J needs help so he is sent to find Agent K and restore his memory.,88,2,140000000,441818803,0,0
26,Spider-Man 3,2007-05-04 00:00:00.000,11,1,241,5,"A strange black entity from another world bonds with Peter Parker and causes inner turmoil as he contends with new villains, temptations, and revenge.",139,4,258000000,891930303,0,0
27,Spider-Man 2,2004-07-16 00:00:00.000,11,1,241,5,"Peter Parker is beset with troubles in his failing personal life as he battles a brilliant scientist named Doctor Otto Octavius, who becomes Doctor Octopus (aka Doc Ock), after an accident causes him to bond psychically with mechanical tentacles that do his bidding.",127,4,200000000,784024485,3,1
28,Stealth,2005-08-05 00:00:00.000,32,1,241,5,"Deeply ensconced in a top-secret military program, three pilots struggle to bring an artificial intelligence program under control ... before it initiates the next world war.",121,4,138000000,76416746,0,0
29,Final Fantasy: The Spirits Within,2001-08-03 00:00:00.000,33,1,118,12,A female scientist makes a last stand on Earth with the help of a ragtag team of soldiers against an invasion of alien phantoms.,106,7,137000000,85131830,0,0
30,Miami Vice,2006-08-04 00:00:00.000,34,1,241,1,"Based on the 1980's TV action/drama, this update focuses on vice detectives Crockett and Tubbs as their respective personal and professional lives become dangerously intertwined.",134,7,135000000,163818556,0,0
31,The World Is Not Enough,1999-11-26 00:00:00.000,35,1,240,11,"James Bond uncovers a nuclear plot when he protects an oil heiress from her former kidnapper, an international terrorist who can't feel pain.",128,3,135000000,361730660,0,0
32,Master and Commander: The Far Side of the World,2003-11-28 00:00:00.000,36,1,241,4,"During the Napoleonic Wars, a brash British captain pushes his ship and crew to their limits in pursuit of a formidable French war vessel around South America.",138,4,135000000,209486484,10,2
33,War of the Worlds,2005-07-01 00:00:00.000,4,1,241,2,"As Earth is invaded by alien tripod fighting machines, one family fights for survival.",116,4,132000000,591745532,3,0
34,The Bourne Ultimatum,2007-08-17 00:00:00.000,37,1,241,1,"Bourne dodges new, superior assassins as he searches for his unknown past while a government agent tries to track him down.",115,4,130000000,442748521,3,3
35,Harry Potter and the Prisoner of Azkaban,2004-05-31 00:00:00.000,38,1,240,6,"It's Harry's third year at Hogwarts; not only does he have a new ""Defense Against the Dark Arts"" teacher, but there is also trouble brewing. Convicted murderer Sirius Black has escaped the Wizards' Prison and is coming after Harry.",141,2,130000000,795538952,2,0
36,The Matrix Reloaded,2003-05-21 00:00:00.000,39,1,241,6,"Neo and the rebel leaders estimate that they have 72 hours until 250,000 probes discover Zion and destroy it and its inhabitants. During this, Neo must decide how he can save Trinity from a dark fate in his dreams.",138,5,127000000,738576929,0,0
37,The Da Vinci Code,2006-05-19 00:00:00.000,40,1,241,5,A murder inside the Louvre and clues in Da Vinci paintings lead to the discovery of a religious mystery protected by a secret society for two thousand years -- which could shake the foundations of Christianity.,149,4,125000000,757536138,0,0
38,Harry Potter and the Philosopher's Stone,2001-11-16 00:00:00.000,41,1,240,6,"Rescued from the outrageous neglect of his aunt and uncle, a young boy with a great destiny proves his worth while attending Hogwarts School of Witchcraft and Wizardry.",152,2,125000000,976457891,3,0
39,The Day After Tomorrow,2004-05-27 00:00:00.000,42,1,241,4,"A climatologist tries to figure out a way to save the world from abrupt global warming. He must get to his young son in New York, which is being taken over by a new ice age.",124,4,125000000,542740799,0,0
40,Pirates of the Caribbean: Curse of the Black Pearl,2003-08-08 00:00:00.000,22,1,241,3,"Blacksmith Will Turner teams up with eccentric pirate ""Captain"" Jack Sparrow to save his love, the governor's daughter, from Jack's former pirate allies, who are now undead.",143,3,125000000,655011224,5,0
41,The Last Samurai,2004-01-09 00:00:00.000,43,1,241,6,An American military advisor embraces the Samurai culture he was hired to destroy after he is captured in battle.,154,5,120000000,456810575,4,0
42,The Perfect Storm,2000-07-28 00:00:00.000,25,1,241,6,An unusually intense storm pattern catches some commercial fishermen unaware and puts them in mortal danger.,130,3,120000000,328711434,2,0
43,Mission: Impossible III,2006-05-04 00:00:00.000,44,1,241,2,Ethan Hunt comes face to face with a dangerous and sadistic arms dealer while trying to keep his identity secret in order to protect his girlfriend.,126,4,150000000,397501348,0,0
44,Mission: Impossible II,2000-07-07 00:00:00.000,45,1,241,2,"A secret agent is sent to Sydney, to find and destroy a genetically modified disease called ""Chimera""",123,5,120000000,546209889,0,0
45,Windtalkers,2002-08-30 00:00:00.000,45,1,241,11,Two U.S. Marines in WWII are assigned to protect Navajo Marines who use their native language as an unbreakable radio cypher.,134,5,115000000,77628265,0,0
46,Star Wars: Episode II - Attack of the Clones,2002-05-16 00:00:00.000,7,1,241,13,"Anakin Skywalker shares a forbidden romance with Padmé Amidala while his teacher, Obi-Wan Kenobi, makes an investigation of a separatist assassination attempt on Padmé which leads to the discovery of a secret Republican clone army.",142,2,115000000,656695615,1,0
47,"Monsters, Inc.",2002-02-08 00:00:00.000,46,1,241,10,"Monsters generate their city's power by scaring children, but they are terribly afraid themselves of being contaminated by children, so when one enters Monstropolis, top scarer Sulley find his world disrupted.",92,1,115000000,525370172,3,1
48,Star Wars: Episode I - The Phantom Menace,1999-07-16 00:00:00.000,7,1,241,13,"The evil Trade Federation, led by Nute Gunray (Carson) is planning to take over the peaceful world of Naboo.",133,1,115000000,924288297,3,0
49,Star Wars: Episode III - Revenge of the Sith,2005-05-19 00:00:00.000,7,1,241,13,"After three years of fighting in the Clone Wars, Anakin Skywalker concludes his journey towards the Dark Side of the Force, putting his friendship with Obi Wan Kenobi and his marriage at risk.",140,4,115000000,848470577,1,0
50,The Matrix Revolutions,2003-11-05 00:00:00.000,39,1,241,6,The human city of Zion defends itself against the massive invasion of the machines as Neo fights to end the war at another front while also opposing the rogue Agent Smith.,129,5,110000000,424259759,0,0
51,Tomorrow Never Dies,1997-12-12 00:00:00.000,47,1,240,11,James Bond heads to stop a media mogul's plan to induce war between China and the UK in order to obtain exclusive global media coverage.,119,3,110000000,339504276,0,0
52,Ocean's Eleven,2002-02-15 00:00:00.000,48,1,241,6,Danny Ocean and his ten accomplices plan to rob three Las Vegas casinos simultaneously.,116,3,110000000,450728529,0,0
53,Live Free or Die Hard,2007-07-04 00:00:00.000,49,1,241,4,John McClane takes on an Internet-based terrorist organization who is systematically shutting down the United States.,130,5,110000000,383277179,0,0
54,Around the World in 80 Days,2004-07-09 00:00:00.000,50,1,241,3,"A bet pits a British inventor, a Chinese thief, and a French artist on a worldwide adventure that they can circle the globe in 80 days.",120,2,110000000,72004159,0,0
55,Kingdom of Heaven,2005-05-06 00:00:00.000,51,1,241,4,"Balian of Ibelin travels to Jerusalem during the crusades of the 12th century, and there he finds himself as the defender of the city and its people.",145,5,110000000,211398413,0,0
56,Mr. and Mrs. Smith,2005-06-10 00:00:00.000,52,1,241,4,A bored married couple is surprised to learn that they are both assassins hired by competing agencies to kill each other.,120,5,110000000,468336279,0,0
57,The Aviator,2005-01-06 00:00:00.000,9,1,241,6,"A biopic depicting the early years of legendary director and aviator Howard Hughes' career, from the late 1920s to the mid-1940s.",170,4,110000000,214608827,11,5
58,Ali,2002-02-22 00:00:00.000,34,1,241,5,"A biography of sports legend, Muhammad Ali, from his early days to his days in the ring",157,5,109000000,85300000,0,0
59,The Lord of the Rings: Fellowship of the Ring,2001-12-19 00:00:00.000,12,1,167,14,In a small village in the Shire a young Hobbit named Frodo has been entrusted with an ancient Ring. Now he must embark on an Epic quest to the Cracks of Doom in order to destroy it.,178,2,109000000,868621686,13,4
60,"I, Robot",2004-08-06 00:00:00.000,53,1,241,4,"In the year 2035 a techno-phobic cop investigates a crime that may have been perpetrated by a robot, which leads to a larger threat to humanity.",115,4,105000000,348801023,1,0
61,Casino Royale,2006-11-16 00:00:00.000,54,1,240,11,"In his first mission, James Bond must stop Le Chiffre, a banker to the world's terrorist organizations, from winning a high-stakes poker tournament at Casino Royale in Montenegro.",144,4,102000000,594165000,0,0
62,Minority Report,2002-07-04 00:00:00.000,4,1,241,8,"In the future, criminals are caught before the crimes they commit, but one of the officers in the special unit is accused of one such crime and sets out to prove his innocence.",145,3,102000000,358814112,1,0
63,Terminator 2: Judgement Day,1991-08-16 00:00:00.000,15,1,241,15,"The cyborg who once tried to kill Sarah Connor must now protect her teenager son, John Connor, from an even more powerful and advanced cyborg.",137,5,100000000,516816151,4,6
64,Catwoman,2004-08-13 00:00:00.000,55,1,241,6,"A shy woman, endowed with the speed, reflexes, and senses of a cat, walks a thin line between criminal and hero, even as a detective doggedly pursues her, fascinated by both of her personas.",104,4,100000000,73887903,0,0
65,Harry Potter and the Chamber of Secrets,2002-11-15 00:00:00.000,41,1,240,6,"Harry ignores warnings not to return to Hogwarts, only to find the school plagued by a series of mysterious attacks and a strange voice haunting him.",161,2,100000000,878987880,0,0
66,American Gangster,2007-11-16 00:00:00.000,51,1,241,1,"In 1970s America, a detective works to bring down the drug empire of Frank Lucas, a heroin kingpin from Manhattan, who is smuggling the drug into the country from the Far East.",157,6,100000000,264132214,2,0
67,Blood Diamond,2007-01-26 00:00:00.000,43,1,241,6,"A fisherman, a smuggler, and a syndicate of businessmen match wits over the possession of a priceless diamond.",143,5,100000000,171377916,5,0
68,Gladiator,2000-05-12 00:00:00.000,51,1,241,8,"When a Roman general is betrayed and his family murdered by a corrupt prince, he comes to Rome as a gladiator to seek revenge.",155,5,103000000,457683805,12,5
69,True Lies,1994-08-12 00:00:00.000,15,1,241,4,"When a secret agent learns of his wife's extra-marital affair, he pursues her and uses his intelligence resources in a job he kept secret from her.",141,5,100000000,365300000,1,0
70,Gangs of New York,2003-01-09 00:00:00.000,9,1,241,16,"In 1863, Amsterdam Vallon returns to the Five Points area of New York City seeking revenge against Bill the Butcher, his father's killer.",167,6,97000000,190400000,10,0
71,Black Hawk Down,2002-01-18 00:00:00.000,51,1,241,17,123 elite U.S. soldiers drop into Somalia to capture two top lieutenants of a renegade warlord and find themselves in a desperate battle with a large force of heavily-armed Somalis.,144,5,95000000,173638745,4,2
72,The Fifth Element,1997-06-06 00:00:00.000,56,1,79,18,"In the colorful future, a cab driver unwittingly becomes the central figure in the search for a legendary cosmic weapon to keep Evil and Mr Zorg at bay.",126,2,95000000,263900000,1,0
73,The Lord of the Rings: Return of the King,2003-12-17 00:00:00.000,12,1,167,14,"The former Fellowship of the Ring prepare for the final battle for Middle Earth, while Frodo & Sam approach Mount Doom to destroy the One Ring.",201,4,94000000,1133027325,11,11
74,The Lord of the Rings: The Two Towers,2002-12-18 00:00:00.000,12,1,167,14,Frodo and Sam continue on to Mordor in their mission to destroy the One Ring. Whilst their former companions make new allies and launch an assault on Isengard.,179,4,94000000,926284377,6,2
75,Rush Hour 3,2007-08-10 00:00:00.000,57,1,241,14,"After an attempted assassination on Ambassador Han, Lee and Carter head to Paris to protect a French woman with knowledge of the Triads' secret leaders.",91,4,180000000,252980850,0,0
76,Rush Hour 2,2001-08-03 00:00:00.000,57,1,241,14,"Carter and Lee head to Hong Kong for vacation, but become embroiled in a counterfeit money scam.",90,3,90000000,347425832,0,0
77,Men in Black,1997-08-01 00:00:00.000,31,1,241,5,Two men who keep an eye on aliens in New York City must try to save the world after the aliens threaten to blow it up.,98,2,90000000,589390539,3,1
78,The Departed,2006-10-06 00:00:00.000,9,1,241,6,"Two men from opposite sides of the law are undercover within the Massachusetts State Police and the Irish mafia, but violence and bloodshed boil when discoveries are made, and the moles are dispatched to find out their enemy's identities.",151,6,90000000,290539042,5,4
79,Die Hard: With A Vengeance,1995-08-18 00:00:00.000,58,1,241,4,John McClane and a store owner must play a bomber's deadly game as they race around New York while trying to stop him.,131,5,90000000,365012499,0,0
80,Cinderella Man,2005-09-09 00:00:00.000,40,1,241,1,"The story of James Braddock, a supposedly washed up boxer who came back to become a champion and an inspiration in the 1930s.",144,4,88000000,108539911,3,0
81,The Bourne Supremacy,2004-08-13 00:00:00.000,37,1,241,1,When Jason Bourne is framed for a botched CIA operation he is forced to take up his former life as a trained assassin to survive.,108,4,85000000,288587450,0,0
82,Last Action Hero,1993-07-30 00:00:00.000,58,1,241,5,A young movie fan gets thrown into the movie world of his favourite action film character.,130,5,85000000,137298489,0,0
83,Cast Away,2001-01-12 00:00:00.000,20,1,241,8,A FedEx executive must transform himself physically and emotionally to survive a crash landing on a deserted island.,143,3,85000000,427230516,2,0
84,Ocean's Twelve,2005-02-04 00:00:00.000,48,1,241,6,Daniel Ocean recruits one more team member so he can pull off three major European heists in this sequel to Ocean's 11.,125,4,85000000,363531634,0,0
85,Click,2006-09-29 00:00:00.000,50,1,241,5,A workaholic architect finds a universal remote that allows him to fast-forward and rewind to different parts of his life. Complications arise when the remote starts to overrule his choices.,107,4,82500000,237555633,1,0
86,Bruce Almighty,2003-06-27 00:00:00.000,16,1,241,1,A guy who complains about God too often is given almighty powers to teach him how difficult it is to run the world.,101,4,81000000,485004995,0,0
87,Mission: Impossible,1996-07-05 00:00:00.000,59,1,241,2,"An American agent, under false suspicion of disloyalty, must discover and expose the real spy without the help of his organization.",110,2,80000000,456481886,0,0
88,Deep Impact,1998-05-15 00:00:00.000,60,1,241,2,"Unless a comet can be destroyed before colliding with Earth, only those allowed into shelters will survive. Which people will survive?",120,3,80000000,349464664,0,0
89,Road to Perdition,2002-09-27 00:00:00.000,61,1,241,8,Bonds of loyalty are put to the test when a hitman's son witnesses what his father does for a living.,117,5,80000000,181054514,6,1
90,A Beautiful Mind,2002-02-22 00:00:00.000,40,1,241,1,"After a brilliant but asocial mathematician accepts secret work in cryptography, his life takes a turn to the nightmarish.",135,3,78000000,316708996,8,4
91,Children of Men,2006-09-22 00:00:00.000,38,1,241,1,"In 2027, in a chaotic world in which humans can no longer procreate, a former activist agrees to help transport a miraculously pregnant woman to a sanctuary at sea, where her child's birth may help scientists save the future of humankind.",109,5,76000000,69450202,3,0
92,Munich,2006-01-27 00:00:00.000,4,1,241,8,"Based on the true story of the Black September aftermath, about the five men chosen to eliminate the ones responsible for that fateful day.",164,5,75000000,130279090,5,0
93,Independence Day,1996-08-09 00:00:00.000,42,1,241,4,"The aliens are coming and their goal is to invade and destroy. Fighting superior technology, Man's best weapon is the will to survive.",145,3,75000000,816969255,2,1
94,X-Men,2000-08-18 00:00:00.000,14,1,241,4,Two mutants come to a private academy for mutants whose resident superhero team must oppose a powerful mutant terrorist organization.,104,3,75000000,295999717,0,0
95,X2,2003-05-01 00:00:00.000,14,1,241,4,"The X-Men band together to find a mutant assassin who has made an attempt on the President's life, while the Mutant Academy is attacked by military forces.",133,4,125000000,406400513,0,0
96,The Rock,1996-06-21 00:00:00.000,18,1,241,17,"A group of U.S. marines, under command of a renegade general, take over Alcatraz and threat San Francisco Bay with biological weapons. A chemical weapons specialist and the only man to have ever escaped from the Rock are the only ones who can prevent chaos.",136,5,75000000,336069511,1,0
97,Constantine,2005-03-18 00:00:00.000,23,1,241,6,"Based on the DC/Vertigo comic book Hellblazer and written by Kevin Brodbin, Mark Bomback and Frank Capello, Constantine tells the story of irreverent supernatural detective John Constantine (Keanu Reeves), who has literally been to hell and back.",121,5,75000000,229976178,0,0
98,Unbreakable,2000-12-29 00:00:00.000,62,1,241,7,A suspense thriller with supernatural overtones that revolves around a man who learns something extraordinary about himself after a devastating accident.,106,3,73243106,248099143,0,0
99,Talladega Nights: The Ballad of Ricky Bobby,2006-09-15 00:00:00.000,63,1,241,5,"#1 NASCAR driver Ricky Bobby (Ferrell) stays atop the heap thanks to a pact with his best friend and teammate, Cal Naughton, Jr. (Reilly). But when a French Formula One driver (Cohen), makes his way up the ladder, Ricky Bobby's talent and devotion are put to the test.",108,4,73000000,163213377,0,0
100,The Simpsons Movie,2007-07-25 00:00:00.000,64,1,241,4,"After Homer accidentally pollutes the town's water supply, Springfield is encased in a gigantic dome by the EPA and the Simpsons family are declared fugitives.",87,2,72500000,526758418,0,0
101,Braveheart,1995-09-08 00:00:00.000,65,1,241,2,"William Wallace, a commoner, unites the 13th Century Scots in their battle to overthrow English rule.",177,5,72000000,209000000,10,5
102,Jarhead,2006-01-13 00:00:00.000,61,1,241,1,Based on former Marine Anthony Swofford's best-selling 2003 book about his pre-Desert Storm experiences in Saudi Arabia and about his experiences fighting in Kuwait.,125,5,72000000,96780312,0,0
103,The Village,2004-08-20 00:00:00.000,62,1,241,7,"The population of a small, isolated countryside village believe that their alliance with the mythical creatures that inhabit the forest around them is coming to an end.",108,4,71682975,260197520,1,0
104,Shrek the Third,2007-06-29 00:00:00.000,66,1,241,8,"When his new father-in-law, King Harold falls ill, Shrek is looked at as the heir to the land of Far, Far Away. Not one to give up his beloved swamp, Shrek recruits his friends Donkey and Puss in Boots to install the rebellious Artie as the new king. Princess Fiona, however, rallies a band of royal girlfriends to fend off a coup d'etat by the jilted Prince Charming.",92,1,160000000,798957081,0,0
105,Shrek 2,2004-07-02 00:00:00.000,67,1,241,8,Princess Fiona's parents invite her and Shrek to dinner to celebrate her marriage. If only they knew the newlyweds were both ogres.,93,1,70000000,915278586,2,0
106,The Abyss,1989-10-13 00:00:00.000,15,1,241,4,A civilian diving team are enlisted to search for a lost nuclear submarine and face danger while encountering an alien aquatic species.,138,5,70000000,54243125,4,1
107,Star Trek: Insurrection,1999-01-01 00:00:00.000,68,1,241,2,"When the crew of the Enterprise learn of a Federation plot against the inhabitants of a unique planet, Capt. Picard begins an open rebellion.",103,2,70000000,117800000,0,0
108,Who Framed Roger Rabbit?,1988-12-02 00:00:00.000,20,1,241,7,A toon hating detective is a cartoon rabbit's only hope to prove his innocence when he is accused of murder.,104,2,70000000,351500000,0,0
109,Sleepy Hollow,2000-01-07 00:00:00.000,28,1,241,2,"Ichabod Crane is sent to Sleepy Hollow to investigate the decapitations of 3 people with the culprit being the legendary apparition, the Headless Horseman.",105,5,70000000,207068340,3,1
110,xXx,2002-10-17 00:00:00.000,32,1,241,19,Xander Cage is an extreme sports athelete recruited by the government on a special mission.,124,5,70000000,267200000,0,0
111,Die Hard 2,1990-08-17 00:00:00.000,69,1,241,4,John McClane is forced to battle mercenaries who seize control of an airport's communications and threaten to cause plane crashes if their demands are not met.,124,5,70000000,237523878,0,0
112,The Long Kiss Goodnight,1996-11-29 00:00:00.000,69,1,241,14,A women suffering from amnesia begins to recover her memories after trouble from her past finds her again.,120,6,65000000,0,0,0
113,Apollo 13,1995-09-22 00:00:00.000,40,1,241,1,True story of the moon-bound mission that developed severe trouble and the men that rescued it with skill and dedication.,140,2,65000000,334100000,9,2
114,Saving Private Ryan,1998-09-11 00:00:00.000,4,1,241,8,"Based on a World War II drama. US soldiers try to save their comrade, paratrooper Private Ryan, who's stationed behind enemy lines.",170,5,65000000,481635085,11,5
115,Fight Club,1999-11-12 00:00:00.000,70,1,241,4,An office employee and a soap salesman build a global organization to help vent male aggression.,139,6,65000000,0,1,0
116,The Matrix,1999-06-11 00:00:00.000,39,1,241,6,A computer hacker learns from mysterious rebels about the true nature of his reality and his role in the war against the controllers of it.,136,5,65000000,456500000,4,4
117,Total Recall,1990-07-27 00:00:00.000,72,1,241,15,"When a man goes for virtual vacation memories of the planet Mars, an unexpected and harrowing series of events forces him to go to the planet for real, or does he?",113,6,65000000,261400000,2,0
118,Cliffhanger,1993-06-25 00:00:00.000,69,1,241,15,A botched mid-air heist results in suitcases full of cash being searched for by various groups throughout the Rocky Mountains.,113,5,65000000,255000000,0,0
119,Clear and Present Danger,1994-08-03 00:00:00.000,73,1,241,2,CIA Analyst Jack Ryan is drawn into an illegal war fought by the US government against a Colombian drug cartel.,141,3,62000000,207500000,2,0
120,GoldenEye,1995-11-24 00:00:00.000,54,1,240,11,James Bond teams up with the lone survivor of a destroyed Russian research center to stop the hijacking of a nuclear space weapon by a fellow agent believed to be dead.,130,3,60000000,356429941,0,0
121,The Black Dahlia,2006-09-15 00:00:00.000,59,1,241,1,"Two policemen see their personal and professional lives fall apart in the wake of the ""Black Dahlia"" murder investigation.",121,5,60000000,46672813,1,0
122,The Truman Show,1998-10-09 00:00:00.000,36,1,241,2,An insurance salesman/adjuster discovers his entire life is actually a TV show.,103,2,60000000,248400000,3,0
123,Event Horizon,1997-08-22 00:00:00.000,74,1,241,2,A rescue crew investigates a spaceship that disappeared into a black hole and has now returned...with someone or something new on-board.,96,6,60000000,26673242,0,0
124,The Bourne Identity,2002-09-06 00:00:00.000,52,1,241,1,"A man is picked up by a fishing boat, bullet-riddled and without memory, then races to elude assassins and recover from amnesia.",119,4,60000000,213300000,0,0
125,Hellboy,2004-09-02 00:00:00.000,71,1,241,19,"A demon, raised from infancy after being conjured by and rescued from the Nazis, grows up to become a defender against the forces of darkness.",122,4,60000000,98703901,0,0
126,Starsky & Hutch,2004-03-19 00:00:00.000,75,1,241,6,Two streetwise cops (Stiller and Wilson) bust criminals in their red-and-white Ford Torino with the help of police snitch called Huggy Bear (Snoop Dogg).,101,5,60000000,170200225,0,0
127,Intolerable Cruelty,2003-10-24 00:00:00.000,5,1,241,20,A revenge-seeking gold digger marries a womanizing Beverly Hills lawyer with the intention of making a killing in the divorce.,100,4,60000000,121327628,0,0
128,300,2007-03-23 00:00:00.000,76,1,241,6,King Leonidas and a force of 300 men fight the Persians at Thermopylae in 480 B.C.,117,5,60000000,456068181,0,0
129,Star Trek: Nemesis,2003-01-03 00:00:00.000,77,1,241,2,"After the Enterprise is diverted to the Romulan planet of Romulus, supposedly because they want to negotiate a truce, the Federation soon find out the Romulans are planning an attack on Earth.",116,4,60000000,67312826,0,0
130,Superman,1978-12-21 00:00:00.000,30,1,241,6,"An alien orphan is sent from his dying planet to Earth, where he grows up to become his adoptive home's first and greatest super-hero.",143,2,55000000,300200000,3,0
131,Crimson Tide,1995-11-03 00:00:00.000,78,1,241,17,"On a US nuclear missile sub, a young first officer stages a mutiny to prevent his trigger happy captain from launching his missiles before confirming his orders to do so.",116,5,55000000,159387195,3,0
132,Deja Vu,2006-12-15 00:00:00.000,78,1,241,7,"An ATF agent travels back in time to save a woman from being murdered, falling in love with her during the process.",126,4,80000000,181038616,0,0
133,Man On Fire,2004-10-08 00:00:00.000,78,1,241,4,"In Mexico City, a former assassin swears vengeance on those who committed an unspeakable act against the family he was hired to protect.",146,6,60000000,118706816,0,0
134,Enemy of the State,1998-12-26 00:00:00.000,78,1,241,7,A lawyer becomes a target by a corrupt politician and his NSA goons when he accidentally receives key evidence to a serious politically motivated crime.,132,5,85000000,250300000,0,0
135,Kill Bill: Vol. 1,2003-10-17 00:00:00.000,79,1,241,16,The Bride wakes up after a long coma. The baby that she carried before entering the coma is gone. The only thing on her mind is to have revenge on the assassination team that betrayed her - a team she was once part of.,111,6,55000000,180098138,0,0
136,Alien 3,1992-08-21 00:00:00.000,70,1,241,4,"Ripley continues to be stalked by a savage alien, after her escape pod crashes on a prison planet.",114,6,55000000,158500000,1,0
137,Shanghai Noon,2000-08-25 00:00:00.000,80,1,241,7,"Jackie Chan plays a Chinese man who travels to the Wild West to rescue a kidnapped princess. After teaming up with a train robber, the unlikely duo takes on a Chinese traitor and his corrupt boss.",110,3,55000000,71189835,0,0
138,Kill Bill: Vol. 2,2004-04-23 00:00:00.000,79,1,241,16,"The murderous Bride continues her vengeance quest against her ex-boss, Bill, and his two remaining associates; his younger brother Budd, and Bill's latest flame Elle.",136,6,55000000,150907920,0,0
139,Blade II,2002-03-29 00:00:00.000,71,1,241,14,Blade forms an uneasy alliance with the vampire council in order to combat the Reaper vampires who feed on vampires.,117,6,54000000,154306865,0,0
140,Flags of our Fathers,2006-12-22 00:00:00.000,10,1,241,8,"The life stories of the six men who raised the flag at The Battle of Iwo Jima, a turning point in WWII.",132,5,53000000,61902376,2,0
141,Casino,1996-02-23 00:00:00.000,9,1,241,1,"Greed, deception, money, power, and murder occur between two mobster best friends and a trophy wife over a gambling empire.",178,6,52000000,110400000,1,0
142,Robin Hood: Prince of Thieves,1991-07-19 00:00:00.000,17,1,241,6,"When Robin and his Moorish companion come to England and the tyranny of the Sheriff of Nottingham, he decides to fight back as an outlaw.",143,2,50000000,390500000,1,0
143,Shrek,2001-06-29 00:00:00.000,67,1,241,8,"An ogre, in order to regain his swamp, travels along with an annoying donkey in order to bring a princess to a scheming lord, wishing himself King.",90,1,50000000,479467267,2,1
144,Shanghai Knights,2003-04-04 00:00:00.000,81,1,241,7,"When a Chinese rebel murders Chon's estranged father and escapes to England, Chon and Roy make their way to London with revenge on their minds.",114,4,50000000,0,0,0
145,Indiana Jones and the Last Crusade,1989-06-30 00:00:00.000,4,1,241,13,"When Dr. Henry Jones Sr. suddenly goes missing while pursuing the Holy Grail, eminent archaeologist Indiana Jones must follow in his father's footsteps and stop the Nazis.",127,2,48000000,474171806,3,1
146,Star Trek: First Contact,1996-12-13 00:00:00.000,68,1,241,2,Capt. Picard and his crew pursue the Borg back in time to stop them from preventing Earth from initiating first contact with alien life.,111,3,46000000,150000000,1,0
147,Blade,1998-11-13 00:00:00.000,82,1,241,14,"A half-vampire, half-mortal man becomes a protector of the mortal race, while slaying evil vampires.",120,6,45000000,131237688,0,0
148,Patriot Games,1992-09-25 00:00:00.000,73,1,241,2,"When CIA Analyst Jack Ryan interferes with an IRA assassination, a renegade faction targets him and his family for revenge.",117,5,45000000,178100000,0,0
149,The Fugitive,1993-09-24 00:00:00.000,83,1,241,6,"Dr. Richard Kimble, unjustly accused of killing his wife, must find the real one-armed killer while avoiding Marshal Sam Gerard.",130,3,44000000,368900000,7,1
150,The Prestige,2006-11-10 00:00:00.000,27,1,241,7,"Robert and Alfred are rival magicians. When Alfred performs the ultimate magic trick, Robert tries desperately to find out the secret to the trick.",130,4,40000000,107896006,2,0
151,The Last of the Mohicans,1992-11-06 00:00:00.000,34,1,241,21,Three trappers protect a British Colonel's daughters in the midst of the French and Indian War.,112,3,40000000,0,1,1
152,Apocalypto,2007-01-05 00:00:00.000,65,8,241,7,"As the Mayan kingdom faces its decline, the rulers insist the key to prosperity is to build more temples and offer human sacrifices. Jaguar Paw, a young man captured for sacrifice, flees to avoid his fate.",139,6,40000000,117784857,3,0
153,Wedding Crashers,2005-07-14 00:00:00.000,81,1,241,14,"John Beckwith and Jeremy Grey, a pair of committed womanizers who sneak into weddings to take advantage of the romantic tinge in the air, find themselves at odds with one another when John meets and falls for Claire Cleary.",119,5,40000000,283218368,0,0
154,Back to the Future Part III,1990-07-11 00:00:00.000,20,1,241,1,"Doctor Emmet Brown was living in peace in 1885 until he was killed by Buford ""Mad Dog"" Tannen. Marty McFly travels back in time to save his friend.",118,2,40000000,243700000,0,0
155,Back to the Future Part II,1989-11-24 00:00:00.000,20,1,241,1,"After visiting 2015, Marty must repeat his visit to 1955 to prevent disastrous changes to 1985... without interfering with his first trip.",108,2,40000000,332000000,1,0
156,Licence to Kill,1989-07-14 00:00:00.000,84,1,240,22,"James Bond leaves Her Majesty's Secret Service to stop an evil drug lord and avenge his best friend, Felix Leiter.",133,7,42000000,156167015,0,0
157,The Living Daylights,1987-06-30 00:00:00.000,84,1,240,22,James Bond is living on the edge to stop an evil arms dealer from starting another world war. Bond crosses all seven continents in order to stop the evil Whitaker and General Koskov.,130,7,40000000,191200000,0,0
158,Sin City,2005-06-03 00:00:00.000,85,1,241,23,"A film that explores the dark and miserable town Basin City and tells the story of three different people, all caught up in the violent corruption of the city.",124,7,40000000,159098862,0,0
159,Serenity,2005-10-07 00:00:00.000,86,1,241,1,"In the future, when a passenger with a deadly secret. Six rebels on the run. An assassin in pursuit.",119,7,39000000,38514517,0,0
160,Star Trek: Generations,1994-11-18 00:00:00.000,87,1,241,2,"Capt. Picard, with the help of supposedly dead Capt. Kirk, must stop a madman willing to murder on a planetary scale in order to enter a space matrix.",118,2,38000000,120000000,0,0
161,Never Say Never Again,1983-12-15 00:00:00.000,88,1,241,6,"A SPECTRE agent has stolen two American nuclear warheads, and James Bond must find their targets before they are detonated.",134,7,36000000,160000000,0,0
162,Star Trek: The Motion Picture,1979-12-20 00:00:00.000,89,1,241,2,"When a destructive space entity is spotted approaching Earth, Admiral Kirk resumes command of the Starship Enterprise in order to intercept, examine, and hopefully stop it.",132,1,35000000,139000000,3,0
163,Rush Hour,1998-12-04 00:00:00.000,57,1,241,14,Two cops team up to get back a kidnapped daughter.,97,7,35000000,245300000,0,0
164,Lethal Weapon 3,1992-08-14 00:00:00.000,30,1,241,6,"Martin Riggs finally meets his match in the form of Lorna Cole, a beautiful but tough policewoman.",118,7,35000000,319700000,0,0
165,Star Wars: Episode IV - Return of the Jedi,1983-05-25 00:00:00.000,90,1,241,13,"After rescuing Han Solo from the palace of Jabba the Hutt, the Rebels attempt to destroy the Second Death Star, while Luke Skywalker tries to bring his father back to the Light Side of the Force.",134,7,32500000,572700000,4,0
166,A History of Violence,2005-09-30 00:00:00.000,91,1,241,14,"A mild-mannered man becomes a local hero through an act of violence, which sets off repercussions that will shake his family to its very core.",96,7,32000000,59993782,2,0
167,Moonraker,1979-06-29 00:00:00.000,92,1,240,22,James Bond investigates the mid-air theft of a space shuttle and discovers a plot to commit global genocide.,126,7,31000000,210300000,1,0
168,Get Shorty,1996-03-15 00:00:00.000,31,1,241,11,A mobster travels to Hollywood to collect a debt and discovers that the movie business is much the same as his current job.,105,7,30250000,115021008,0,0
169,The Assassination of Jesse James by the Coward Robert Ford,2007-11-30 00:00:00.000,93,1,241,6,"Robert Ford, who's idolized Jesse James since childhood, tries hard to join the reforming gang of the Missouri outlaw, but gradually becomes resentful of the bandit leader.",160,7,30000000,11128555,2,0
170,Million Dollar Baby,2005-01-14 00:00:00.000,10,1,241,6,A hardened trainer/manager works with a determined woman in her attempt to establish herself as a boxer.,132,7,30000000,216763646,7,4
171,Se7en,1996-01-05 00:00:00.000,70,1,241,14,"Police drama about two cops, one new and one about to retire, after a serial killer using the seven deadly sins as his MO.",127,7,30000000,328125643,1,0
172,The Hunt For Red October,1990-04-20 00:00:00.000,58,1,241,2,"In 1984, the USSR's best submarine captain in their newest sub violates orders and heads for the USA. Is he trying to defect, or to start a war?",134,7,30000000,200500000,3,1
173,Ghost Busters,1984-12-07 00:00:00.000,94,1,241,5,Three unemployed parapsychology professors set up shop as a unique ghost removal service.,105,7,30000000,291632124,0,0
174,Star Trek V: The Final Frontier,1989-10-20 00:00:00.000,95,1,241,2,Capt. Kirk and his crew must deal with Mr. Spock's half brother who hijacks the Enterprise for an obsessive search for God.,107,7,30000000,70200000,0,0
175,Indiana Jones and the Temple of Doom,1984-06-15 00:00:00.000,4,1,241,13,"After arriving in India, Indiana Jones is asked by a desperate village to find a mystical stone. He agrees, and stumbles upon a secret cult plotting a terrible plan in the catacombs of an ancient palace.",118,7,28000000,333080271,2,1
176,Blade Runner,1982-09-09 00:00:00.000,51,1,241,6,"Deckard, a blade runner, has to track down and terminate 4 replicants who hijacked a ship in space and have returned to earth seeking their maker.",117,7,28000000,33139618,2,0
177,Die Hard,1989-02-03 00:00:00.000,58,1,241,4,New York cop John McClane gives terrorists a dose of their own medicine as they hold hostages in an LA office building.,131,7,28000000,137350242,4,0
178,For Your Eyes Only,1981-06-26 00:00:00.000,84,1,240,22,Agent 007 is assigned to hunt for a lost British encryption device and prevent it from falling into enemy hands.,127,7,28000000,195300000,1,0
179,Octopussy,1983-06-10 00:00:00.000,84,1,241,11,"A fake Fabergé egg and a fellow agent's death leads James Bond to uncovering an international jewel smuggling operation, headed by the mysterious Octopussy, being used to disguise a nuclear attack on NATO forces.",131,7,27500000,187500000,0,0
180,Star Trek VI: The Undiscovered Country,1992-02-14 00:00:00.000,96,1,241,2,The crews of the Enterprise and the Excelsior must stop a plot to prevent a peace treaty between the Klingon Empire and the Federation.,113,2,27000000,96900000,0,0
181,The Running Man,1988-10-21 00:00:00.000,97,1,241,24,A wrongly-convicted man must try to survive a public execution gauntlet staged as a TV game show.,101,7,27000000,38122000,0,0
182,Open Range,2004-03-19 00:00:00.000,98,1,241,7,A former gunslinger is forced to take up arms again when he and his cattle crew are threatened by a corrupt lawman.,139,7,26000000,68293719,0,0
183,Kindergarten Cop,1991-02-01 00:00:00.000,94,1,241,1,A tough cop is given his most difficult assignment: masquerade as a a kindergarten teacher in order to find a drug dealer.,111,7,26000000,202000000,0,0
184,"O Brother, Where Art Thou?",2000-09-15 00:00:00.000,5,1,241,7,"Homer's epic poem ""The Odyssey"", set in the deep south during the 1930's. In it, three escaped convicts search for hidden treasure while a relentless lawman pursues them.",107,7,26000000,74506619,2,0
185,Goodfellas,1990-09-19 00:00:00.000,9,1,241,6,Henry Hill and his friends work their way up through the mob hierarchy.,145,7,25000000,46743809,6,1
186,The Passion of the Christ,2004-03-26 00:00:00.000,65,7,241,25,A film detailing the final hours and crucifixion of Jesus Christ.,127,7,25000000,611899420,3,0
187,The Untouchables,1987-09-18 00:00:00.000,59,1,241,2,"Federal Agent Elliot Ness sets out to take out Al Capone; because of rampant corruption, he assembles a small, hand-picked team.",119,7,25000000,76270454,4,1
188,Schindler's List,1994-02-18 00:00:00.000,4,1,241,1,"Oskar Schindler uses Jews to start a factory in Poland during the war. He witnesses the horrors endured by the Jews, and starts to save them.",195,7,25000000,321200000,12,7
189,Anchorman: The Legend of Ron Burgundy,2004-09-10 00:00:00.000,63,1,241,8,"Ron Burgundy is San Diego's top rated newsman in the male dominated broadcasting of the 1970's, but that's all about to change when a new female employee with ambition to burn arrives in his office.",94,7,25000000,89366354,0,0
190,Scarface,1983-12-09 00:00:00.000,59,1,241,1,"In 1980 Miami, a determined Cuban immigrant takes over a drug empire while succumbing to greed.",170,7,25000000,44942821,0,0
191,Star Trek IV: The Voyage Home,1987-04-10 00:00:00.000,99,1,241,2,"To save Earth from an alien probe, Kirk and his crew go back in time to retrieve the only beings who can communicate with it, humpback whales.",119,2,24000000,133000000,0,0
192,King Kong,1976-12-17 00:00:00.000,100,1,241,2,A petroleum exploration expedition comes to an isolated island and encounters a colossal giant gorilla.,134,7,23000000,80014445,2,0
193,Star Wars: Episode V - The Empire Strikes Back,1980-05-21 00:00:00.000,88,1,241,13,"While Luke takes advanced Jedi training from Yoda, his friends are relentlessly pursued by Darth Vader as part of his plan to capture Luke.",124,7,23000000,534200000,3,1
194,Gandhi,1982-12-08 00:00:00.000,101,1,240,26,"Biography of Mahatma Gandhi, the lawyer who became the famed leader of the Indian revolts against the British through his philosophy of non-violent protest.",188,7,22000000,52767889,11,8
195,Equilibrium,2003-03-14 00:00:00.000,102,1,241,23,"In a Fascist future where all forms of feeling are illegal, a man in charge of enforcing the law rises to overthrow the system.",107,7,20000000,5345869,0,0
196,From Dusk Till Dawn,1996-05-31 00:00:00.000,103,1,241,23,"Two criminals and their hostages unknowingly seek temporary refuge in an establishment populated by vampires, with chaotic results.",108,7,20000000,25728961,0,0
197,Raiders of the Lost Ark,1981-07-30 00:00:00.000,4,1,241,13,"Archeologist and adventurer Indiana Jones is hired by the US government to find the Ark of the Covenant, before the Nazis.",115,7,20000000,386800358,8,4
199,Back to the Future,1985-12-04 00:00:00.000,20,1,241,1,"In 1985, Doc Brown invented time travel, in 1955, Marty McFly accidentally prevented his parents from meeting, putting his own existence at stake.",117,7,19000000,381109762,4,1
200,Dances With Wolves,1991-02-08 00:00:00.000,98,1,241,27,"Lt. John Dunbar, exiled to a remote western Civil War outpost, befriends wolves and Indians, making him an intolerable aberration in the military.",180,7,19000000,424200000,12,7
201,Star Trek III: The Search For Spock,1984-07-27 00:00:00.000,99,1,241,2,Admiral Kirk and his bridge crew risk their careers stealing the decommissioned Enterprise to return to the restricted Genesis planet to recover Spock's body.,105,2,18000000,87000000,0,0
202,Borat: Cultural Learnings of America for Make Benefit Glorious Nation of Kazakhstan,2006-11-02 00:00:00.000,104,1,241,28,"Kazakh TV talking head Borat is dispatched to the United States to report on the greatest country in the world. With a documentary crew in tow, Borat becomes more interested in locating and marrying Pamela Anderson.",84,7,18000000,261509089,1,0
203,Raging Bull,1981-04-10 00:00:00.000,9,1,241,22,"An emotionally self-destructive boxer's journey through life, as the violence and temper that leads him to the top in the ring, destroys his life outside it.",129,7,18000000,23380203,8,2
204,Aliens,1986-08-29 00:00:00.000,15,1,241,4,"The planet from Alien (1979) has been colonized, but contact is lost. This time, the rescue team has impressive firepower, enough?",137,7,17000000,183316455,7,2
205,Hero,2004-09-24 00:00:00.000,105,5,48,29,A series of Rashomon-like flashback accounts shape the story of how one man defeated three assassins who sought to murder the most powerful warlord in pre-unified China.,99,7,17000000,177352140,1,0
206,Hot Fuzz,2007-02-14 00:00:00.000,106,1,240,30,"Jealous colleagues conspire to get a top London cop transferred to a small town and paired with a witless new partner. On the beat, the pair stumble upon a series of suspicious accidents and events.",121,7,16000000,79192988,0,0
207,Leon,1995-02-03 00:00:00.000,56,1,79,18,"Professional assassin Leon reluctantly takes care of 12-year-old Mathilda, a neighbor whose parents are killed, and teaches her his trade.",110,7,16000000,45284974,0,0
208,High Plains Drifter,1973-08-22 00:00:00.000,10,1,241,31,A gunfighting stranger comes to the small settlement of Lago and is hired to bring the townsfolk together in an attempt to hold off three outlaws who are on their way.,105,7,15700000,15700000,0,0
209,Collateral,2004-09-17 00:00:00.000,34,1,241,2,A cab driver finds himself the hostage of an engaging contract killer as he makes his rounds from hit to hit during one night in LA. He must find a way to save both himself and one last victim.,120,7,60000000,217670152,2,0
210,American Beauty,2000-02-04 00:00:00.000,61,1,241,8,"Lester Burnham, a depressed suburban father in a mid-life crisis, decides to turn his hectic life around after developing an infatuation for his daughter's attractive friend.",122,7,15000000,356258047,8,5
211,Lethal Weapon,1987-08-28 00:00:00.000,30,1,241,6,"A veteran cop, Murtough, is partnered with a young homicidal cop, Riggs. Both having one thing in common, hating working in pairs. Now they must learn to work with one and other to stop a gang of drug smugglers.",110,7,15000000,120192350,1,0
212,Lethal Weapon 2,1989-09-15 00:00:00.000,30,1,241,6,Riggs and Murtaugh are on the trail of South African diplomats who are using their immunity to engage in criminal activities.,114,7,25000000,140292000,0,0
213,"Crouching Tiger, Hidden Dragon",2001-01-05 00:00:00.000,8,5,48,5,"Two warriors in pursuit of a stolen sword and a notorious fugitive are led to an impetuous, physically-skilled, teenage nobleman's daughter, who is at a crossroads in her life.",120,7,15000000,213200000,10,4
214,Brokeback Mountain,2006-01-13 00:00:00.000,8,1,241,2,Based on the 'E. Annie Proulx' story about a forbidden and secretive relationship between two cowboys and their lives over the years.,134,7,13900000,180343761,8,3
215,Hulk,2003-07-18 00:00:00.000,8,1,241,1,A geneticist's experimental accident curses him with the tendency to become a powerful giant green brute under emotional stress.,138,7,137000000,245160047,0,0
216,Sense and Sensibility,1996-02-23 00:00:00.000,8,1,240,5,"Rich Mr. Dashwood dies, leaving his second wife and her daughters poor by the rules of inheritance. Two daughters are the titular opposites.",136,7,16500000,134993774,7,1
217,Ride with the Devil,1999-11-05 00:00:00.000,8,1,241,1,Jake Roedel and Jack Bull Chiles are friends in Missouri when the Civil War starts.,138,7,35000000,630779,0,0
218,Twins,1989-03-17 00:00:00.000,94,1,241,1,"A physically perfect, but innocent, man goes in search of his twin brother, who is a short small-time crook.",105,7,15000000,216600000,0,0
219,28 Days Later…,2002-11-01 00:00:00.000,108,1,240,32,"Four weeks after a mysterious, incurable virus spreads throughout the UK, a handful of survivors try to find sanctuary.",113,7,15000000,82719885,0,0
220,The Beach,2000-02-11 00:00:00.000,108,1,240,4,"Twenty-something Richard travels to Thailand and finds himself in possession of a strange map. Rumours state that it leads to a solitary beach paradise, a tropical bliss - excited and intrigued, he sets out to find it.",119,7,50000000,39778599,0,0
221,Trainspotting,1996-02-23 00:00:00.000,108,1,240,33,"Renton, deeply immersed in the Edinburgh drug scene, tries to clean up and get out, despite the allure of the drugs and influence of friends.",94,7,3100000,24000785,1,0
222,The Spy Who Loved Me,1977-08-03 00:00:00.000,92,1,240,22,James Bond investigates the hijacking of British and Russian submarines carrying nuclear warheads with the help of a KGB agent whose lover he killed.,125,7,14000000,185400000,3,0
223,Downfall,2005-04-01 00:00:00.000,109,4,257,34,"Traudl Junge (Lara), the final secretary for Adolf Hitler (Ganz), tells of the Nazi dictator's final days in his Berlin bunker at the end of WWII.",156,7,13500000,93501940,1,0
224,Letters from Iwo Jima,2007-02-23 00:00:00.000,10,6,241,8,"The story of the battle of Iwo Jima between the United States and Imperial Japan during World War II, as told from the perspective of the Japanese who fought it.",141,7,13000000,68356082,4,1
225,Star Trek II: The Wrath of Khan,1982-07-16 00:00:00.000,96,1,241,2,Admiral Kirk's midlife crisis is interrupted by the return of an old enemy looking for revenge and a potentially destructive device.,113,3,12000000,96800000,0,0
226,House of Flying Daggers,2005-01-14 00:00:00.000,105,5,48,29,"A romantic warrior breaks a beautiful member of a rebel army out of prison to help her rejoin her fellows, but things are not what they seem.",119,7,12000000,93041228,1,0
227,Das Boot,1982-02-10 00:00:00.000,25,4,257,7,"The claustrophobic world of a WWII German U-boat; boredom, filth, and sheer terror.",149,7,12000000,84970337,6,0
228,Casino Royale,1967-04-28 00:00:00.000,110,1,240,5,"In an early spy spoof, aging Sir James Bond (David Niven) comes out of retirement to take on SMERSH.",131,7,12000000,41744718,1,0
229,Star Wars: Episode IV - A New Hope,1977-12-27 00:00:00.000,7,1,241,13,"Luke Skywalker leaves his home planet, teams up with other rebels, and tries to save Princess Leia from the evil clutches of Darth Vader.",121,7,11000000,797900000,10,6
230,E.T.: The Extra-Terrestrial,1982-12-09 00:00:00.000,4,1,241,1,A group of Earth children help a stranded alien botanist return home.,115,7,10500000,792910554,9,4
231,Amelie,2001-10-05 00:00:00.000,111,3,79,16,"Amelie, an innocent and naive girl in Paris, with her own sense of justice, decides to help those around her and along the way, discovers love.",122,7,10350000,152637129,5,0
232,You Only Live Twice,1967-06-13 00:00:00.000,92,1,241,22,Agent 007 and the Japanese secret service ninja force must find and stop the true culprit of a series of spacejackings before nuclear war is provoked.,117,7,9500000,111600000,0,0
233,Thunderball,1965-12-29 00:00:00.000,112,1,240,22,James Bond heads to The Bahamas to recover two nuclear warheads stolen by SPECTRE agent Emilio Largo in an international extortion scheme.,130,7,9000000,141200000,1,1
234,Alien,1979-09-06 00:00:00.000,51,1,241,4,"A mining ship, investigating a suspected SOS, lands on a distant planet. The crew discovers some strange creatures and investigates.",117,7,9000000,203630630,2,1
236,On Her Majesty's Secret Service,1969-12-18 00:00:00.000,113,1,240,22,James Bond woos a mob boss's daughter and goes undercover to uncover the true reason for Blofeld's allergy research in the Swiss Alps that involves beautiful women from around the world.,140,7,8000000,82000000,0,0
237,Pulp Fiction,1994-10-21 00:00:00.000,79,1,241,16,"The lives of two mob hit men, a boxer, a gangster's wife, and a pair of diner bandits intertwine in four tales of violence and redemption.",154,7,8000000,212900000,7,1
238,Rumble in the Bronx,1997-07-04 00:00:00.000,114,2,48,14,A young man visiting and helping his uncle in New York City finds himself forced to fight a street gang and the mob with his martial art skills.,104,7,7500000,36238752,0,0
239,Diamonds are Forever,1971-12-30 00:00:00.000,115,1,240,22,"A diamond smuggling investigation leads James Bond to Las Vegas, where he uncovers an extortion plot headed by his nemesis, Ernst Stavro Blofeld.",120,7,7200000,116000000,1,0
240,Fargo,1996-05-31 00:00:00.000,5,1,241,4,Jerry Lundegaard's inept crime falls apart due to his and his henchmen's bungling and the persistent police work of pregnant Marge Gunderson.,98,7,7000000,51567751,7,2
241,Live and Let Die,1973-07-06 00:00:00.000,115,1,240,22,007 is sent to stop a diabolically brilliant heroin magnate armed with a complex organization and a reliable psychic tarot card reader.,121,7,7000000,161800000,1,0
242,The Man with the Golden Gun,1974-12-20 00:00:00.000,115,1,240,22,Bond is led to believe that he is targeted by the world's most expensive assassin and must hunt him down to stop him.,125,7,7000000,97600000,0,0
243,"Good Night, and Good Luck",2006-02-17 00:00:00.000,116,1,241,6,Broadcast journalist Edward R. Murrow looks to bring down Senator Joseph McCarthy.,93,7,7000000,54601218,6,0
244,Pale Rider,1985-06-28 00:00:00.000,10,1,241,31,A mysterious preacher protects a humble prospector village from a greedy mining company trying to encroach on their land.,116,7,6900000,41410568,0,0
245,The Terminator,1985-01-11 00:00:00.000,15,1,241,11,"A human-looking, apparently unstoppable cyborg is sent from the future to kill Sarah Connor; Kyle Reese is sent to stop it.",108,7,6400000,78019031,0,0
246,Around the World in 80 Days,1956-10-17 00:00:00.000,117,1,241,22,Adaptation of Jules Verne's novel about a Victorian Englishman who bets that with the new steamships and railways he can do what the title says.,167,7,0,0,8,5
249,The Usual Suspects,1995-08-25 00:00:00.000,14,1,241,11,"A boat has been destroyed, criminals are dead, and the key to this mystery lies with the only survivor and his twisted, convoluted story beginning with five career crooks in a seemingly random police lineup.",106,7,6000000,23341568,2,2
250,Memento,2000-10-20 00:00:00.000,27,1,241,5,"A man, suffering from short-term memory loss, uses notes and tattoos to hunt for the man he thinks killed his wife.",113,7,5000000,39665950,2,0
251,Shaun of the Dead,2004-04-09 00:00:00.000,106,1,240,33,"A man decides to turn his moribund life around by winning back his ex-girlfriend, reconciling his relationship with his mother, and dealing with an entire community that has returned from the dead to eat the living.",99,7,5000000,30039392,0,0
252,Four Weddings and a Funeral,1994-05-13 00:00:00.000,26,1,240,33,Comedy-drama about a group of British friends... the title says the rest.,117,7,4500000,257700832,2,0
253,Night Watch,2005-10-07 00:00:00.000,119,9,258,4,A fantasy-thriller set in present-day Moscow where the respective forces that control daytime and nighttime do battle.,114,7,4200000,33923550,0,0
254,Goldfinger,1965-01-09 00:00:00.000,115,1,241,22,"Investigating a gold magnate's gold smuggling, James Bond uncovers a plot to contaminate the Fort Knox gold reserve.",110,7,3000000,124900000,1,1
255,The Lives of Others,2007-04-13 00:00:00.000,120,4,257,36,"In 1984 East Berlin, an agent of the secret police, conducting surveillance on a writer and his lover, finds himself becoming increasingly absorbed by their lives.",137,7,2000000,70053813,1,1
256,From Russia with Love,1964-05-27 00:00:00.000,112,1,240,22,James Bond willingly falls into an assassination ploy involving a naive Russian beauty in order to retrieve a Soviet encryption device that was stolen by SPECTRE.,110,7,2000000,78900000,0,0
257,Reservoir Dogs,1993-01-15 00:00:00.000,79,1,241,16,"After a simple jewelery heist goes terribly wrong, the surviving criminals begin to suspect that one of them is a police informant.",99,7,1200000,2832029,0,0
258,Dr. No,1963-05-08 00:00:00.000,112,1,240,22,James Bond's investigation of a missing colleague in Jamaica leads him to the island of the mysterious Dr. No and a scheme to end the US space program.,110,7,1000000,59567035,0,0
259,King Kong,1933-04-07 00:00:00.000,121,1,241,37,A film crew goes to a tropical island for an exotic location shoot and discovers a colossal giant gorilla who takes a shine to their female blonde star.,100,7,670000,10000000,0,0
260,Seven Samurai,1956-11-19 00:00:00.000,122,6,118,38,A poor village under attack by bandits recruits seven unemployed samurai to help them defend themselves.,190,7,500000,271736,2,0
261,Super Size Me,2004-09-10 00:00:00.000,123,1,241,39,An irreverent look at obesity in America and one of its sources - fast food corporations.,100,7,65000,29529368,1,0
262,Kagemusha,1980-10-06 00:00:00.000,122,6,118,38,"When a powerful warlord in medieval Japan dies, a poor thief recruited to impersonate him finds difficulty",179,7,0,0,2,0
263,Ran,1985-06-01 00:00:00.000,122,6,118,38,"An elderly lord abdicates to his three sons, and the two corrupt ones turn against him.",160,7,12000000,0,4,1
264,Sunshine,2007-04-05 00:00:00.000,108,1,240,4,A team of astronauts are sent to re-ignite the dying sun 50 years into the future.,107,5,40000000,31959646,0,0
265,Once Were Warriors,1995-04-14 00:00:00.000,29,1,167,40,A family descended from Maori warriors is bedeviled by a violent father and the societal problems of being treated as outcasts.,99,6,1000000,0,0,0